"","OTU","rep","fold","PredictedClass","TrueClass","Regression","Combined","TrueValue"
"0_0_100.fcs","Ppolymyxa",1,1,"Present","Absent",1.08535736521316e-10,1.08535736521316e-10,0
"0,007_0,003_99,99.fcs","Ppolymyxa",1,1,"Present","Absent",1.08535736521316e-10,1.08535736521316e-10,7e-05
"50_50_0.fcs","Ppolymyxa",1,1,"Present","Present",0.471857261638638,0.471857261638638,0.5
"70_10_20.fcs","Ppolymyxa",1,1,"Present","Present",0.674611609370478,0.674611609370478,0.7
"79_2_19.fcs","Ppolymyxa",1,1,"Present","Present",0.821602984582403,0.821602984582403,0.79
"80_4_16.fcs","Ppolymyxa",1,1,"Present","Present",0.780888909414332,0.780888909414332,0.8
"99,99_0,007_0,003.fcs","Ppolymyxa",1,1,"Present","Present",0.997971635059376,0.997971635059376,0.9999
"0_100_0.fcs","Ppolymyxa",1,2,"Absent","Absent",0.0307186631343089,0,0
"33_33_33.fcs","Ppolymyxa",1,2,"Present","Present",0.273904138010082,0.273904138010082,0.33
"53,3_4_42,7.fcs","Ppolymyxa",1,2,"Present","Present",0.649046280256326,0.649046280256326,0.533
"73_8_19.fcs","Ppolymyxa",1,2,"Present","Present",0.719802385650062,0.719802385650062,0.73
"80_1_19.fcs","Ppolymyxa",1,2,"Present","Present",0.850209157088449,0.850209157088449,0.8
"80_6_14.fcs","Ppolymyxa",1,2,"Present","Present",0.769718144672554,0.769718144672554,0.8
"100_0_0.fcs","Ppolymyxa",1,2,"Present","Present",0.999861879275212,0.999861879275212,1
"0_50_50.fcs","Ppolymyxa",1,3,"Absent","Absent",1.87105463981196e-05,0,0
"50_0_50.fcs","Ppolymyxa",1,3,"Present","Present",0.973844486757249,0.973844486757249,0.5
"60_1_39.fcs","Ppolymyxa",1,3,"Present","Present",0.654646531374401,0.654646531374401,0.6
"75_1_24.fcs","Ppolymyxa",1,3,"Present","Present",0.773506669471774,0.773506669471774,0.75
"80_10_10.fcs","Ppolymyxa",1,3,"Present","Present",0.674030848737749,0.674030848737749,0.8
"80_8_12.fcs","Ppolymyxa",1,3,"Present","Present",0.735846515429413,0.735846515429413,0.8
"0,003_99,99_0,007.fcs","Ppolymyxa",1,4,"Absent","Absent",0.00723943009087984,0,3e-05
"50_1_49.fcs","Ppolymyxa",1,4,"Present","Present",0.740259317632458,0.740259317632458,0.5
"60_10_30.fcs","Ppolymyxa",1,4,"Present","Present",0.541063380963023,0.541063380963023,0.6
"75_6_19.fcs","Ppolymyxa",1,4,"Present","Present",0.698438628975741,0.698438628975741,0.75
"80_19_1.fcs","Ppolymyxa",1,4,"Present","Present",0.715428313521368,0.715428313521368,0.8
"90_1_9.fcs","Ppolymyxa",1,4,"Present","Present",0.856095078475994,0.856095078475994,0.9
"0,007_0,003_99,99.fcs1","Ppolymyxa",1,5,"Absent","Absent",6.30780825367795e-05,0,7e-05
"50_10_40.fcs","Ppolymyxa",1,5,"Present","Present",0.645794360111232,0.645794360111232,0.5
"70_1_29.fcs","Ppolymyxa",1,5,"Present","Present",0.776942184778646,0.776942184778646,0.7
"77_4_19.fcs","Ppolymyxa",1,5,"Present","Present",0.781124432210167,0.781124432210167,0.77
"80_2_18.fcs","Ppolymyxa",1,5,"Present","Present",0.832106251409377,0.832106251409377,0.8
"90_10_0.fcs","Ppolymyxa",1,5,"Present","Present",0.735387811885183,0.735387811885183,0.9
"0_0_100.fcs1","Ppolymyxa",2,1,"Absent","Absent",0.000535111334100014,0,0
"33_33_33.fcs1","Ppolymyxa",2,1,"Present","Present",0.61823660708221,0.61823660708221,0.33
"50_50_0.fcs1","Ppolymyxa",2,1,"Present","Present",0.535782755915089,0.535782755915089,0.5
"73_8_19.fcs1","Ppolymyxa",2,1,"Present","Present",0.696903655008587,0.696903655008587,0.73
"79_2_19.fcs1","Ppolymyxa",2,1,"Present","Present",0.831223019028308,0.831223019028308,0.79
"80_4_16.fcs1","Ppolymyxa",2,1,"Present","Present",0.800389070197035,0.800389070197035,0.8
"99,99_0,007_0,003.fcs1","Ppolymyxa",2,1,"Present","Present",0.9999713936395,0.9999713936395,0.9999
"0_100_0.fcs1","Ppolymyxa",2,2,"Absent","Absent",0.00771651581282193,0,0
"50_0_50.fcs1","Ppolymyxa",2,2,"Present","Present",0.995761760859929,0.995761760859929,0.5
"53,3_4_42,7.fcs1","Ppolymyxa",2,2,"Present","Present",0.692005729373179,0.692005729373179,0.533
"75_1_24.fcs1","Ppolymyxa",2,2,"Present","Present",0.828240043182386,0.828240043182386,0.75
"80_1_19.fcs1","Ppolymyxa",2,2,"Present","Present",0.838280150898671,0.838280150898671,0.8
"80_6_14.fcs1","Ppolymyxa",2,2,"Present","Present",0.787692998878385,0.787692998878385,0.8
"100_0_0.fcs1","Ppolymyxa",2,2,"Present","Present",0.998260625361327,0.998260625361327,1
"0_50_50.fcs1","Ppolymyxa",2,3,"Present","Absent",0.000991392831869269,0.000991392831869269,0
"50_1_49.fcs1","Ppolymyxa",2,3,"Present","Present",0.731685560892011,0.731685560892011,0.5
"60_1_39.fcs1","Ppolymyxa",2,3,"Present","Present",0.741360454973429,0.741360454973429,0.6
"75_6_19.fcs1","Ppolymyxa",2,3,"Present","Present",0.702344663915153,0.702344663915153,0.75
"80_10_10.fcs1","Ppolymyxa",2,3,"Present","Present",0.716369771746208,0.716369771746208,0.8
"80_8_12.fcs1","Ppolymyxa",2,3,"Present","Present",0.772735413235425,0.772735413235425,0.8
"0,003_99,99_0,007.fcs1","Ppolymyxa",2,4,"Absent","Absent",0.0114993548442009,0,3e-05
"50_10_40.fcs1","Ppolymyxa",2,4,"Present","Present",0.589063008160279,0.589063008160279,0.5
"60_10_30.fcs1","Ppolymyxa",2,4,"Present","Present",0.561768931222817,0.561768931222817,0.6
"77_4_19.fcs1","Ppolymyxa",2,4,"Present","Present",0.773450594911784,0.773450594911784,0.77
"80_19_1.fcs1","Ppolymyxa",2,4,"Present","Present",0.651583762115103,0.651583762115103,0.8
"90_1_9.fcs1","Ppolymyxa",2,4,"Present","Present",0.860118532603311,0.860118532603311,0.9
"0,007_0,003_99,99.fcs2","Ppolymyxa",2,5,"Absent","Absent",0.000338057727649004,0,7e-05
"33_33_33.fcs2","Ppolymyxa",2,5,"Present","Present",0.227303739906648,0.227303739906648,0.33
"70_1_29.fcs1","Ppolymyxa",2,5,"Present","Present",0.783047649728232,0.783047649728232,0.7
"73_8_19.fcs2","Ppolymyxa",2,5,"Present","Present",0.719951573097101,0.719951573097101,0.73
"80_2_18.fcs1","Ppolymyxa",2,5,"Present","Present",0.838936225798595,0.838936225798595,0.8
"90_10_0.fcs1","Ppolymyxa",2,5,"Present","Present",0.809728845054804,0.809728845054804,0.9
"0_0_100.fcs2","Ppolymyxa",3,1,"Present","Absent",0.000309867717584431,0.000309867717584431,0
"0,007_0,003_99,99.fcs3","Ppolymyxa",3,1,"Present","Absent",0.000309867717584431,0.000309867717584431,7e-05
"53,3_4_42,7.fcs2","Ppolymyxa",3,1,"Present","Present",0.60627611208237,0.60627611208237,0.533
"70_10_20.fcs1","Ppolymyxa",3,1,"Present","Present",0.692382351156316,0.692382351156316,0.7
"79_2_19.fcs2","Ppolymyxa",3,1,"Present","Present",0.855742762771227,0.855742762771227,0.79
"80_6_14.fcs2","Ppolymyxa",3,1,"Present","Present",0.765799221723483,0.765799221723483,0.8
"99,99_0,007_0,003.fcs2","Ppolymyxa",3,1,"Present","Present",0.995756766626664,0.995756766626664,0.9999
"0_100_0.fcs2","Ppolymyxa",3,2,"Absent","Absent",0.0141568569426164,0,0
"33_33_33.fcs3","Ppolymyxa",3,2,"Present","Present",0.265835353257132,0.265835353257132,0.33
"60_1_39.fcs2","Ppolymyxa",3,2,"Present","Present",0.763215984046529,0.763215984046529,0.6
"73_8_19.fcs3","Ppolymyxa",3,2,"Present","Present",0.722622575972691,0.722622575972691,0.73
"80_1_19.fcs2","Ppolymyxa",3,2,"Present","Present",0.827335456838798,0.827335456838798,0.8
"80_8_12.fcs2","Ppolymyxa",3,2,"Present","Present",0.778700751227873,0.778700751227873,0.8
"100_0_0.fcs2","Ppolymyxa",3,2,"Present","Present",0.997818605432172,0.997818605432172,1
"0_50_50.fcs2","Ppolymyxa",3,3,"Absent","Absent",9.47169068589769e-06,0,0
"50_0_50.fcs2","Ppolymyxa",3,3,"Present","Present",0.999989550916592,0.999989550916592,0.5
"60_10_30.fcs2","Ppolymyxa",3,3,"Present","Present",0.642888919544593,0.642888919544593,0.6
"75_1_24.fcs2","Ppolymyxa",3,3,"Present","Present",0.766792995420779,0.766792995420779,0.75
"80_10_10.fcs2","Ppolymyxa",3,3,"Present","Present",0.769609276117183,0.769609276117183,0.8
"90_1_9.fcs2","Ppolymyxa",3,3,"Present","Present",0.776234447222881,0.776234447222881,0.9
"0,003_99,99_0,007.fcs2","Ppolymyxa",3,4,"Absent","Absent",0.0295833296769081,0,3e-05
"50_1_49.fcs2","Ppolymyxa",3,4,"Present","Present",0.68202324375248,0.68202324375248,0.5
"70_1_29.fcs2","Ppolymyxa",3,4,"Present","Present",0.746598405621174,0.746598405621174,0.7
"75_6_19.fcs2","Ppolymyxa",3,4,"Present","Present",0.700906190756972,0.700906190756972,0.75
"80_19_1.fcs2","Ppolymyxa",3,4,"Present","Present",0.616944026687766,0.616944026687766,0.8
"90_10_0.fcs2","Ppolymyxa",3,4,"Present","Present",0.726090391180158,0.726090391180158,0.9
"0,007_0,003_99,99.fcs4","Ppolymyxa",3,5,"Absent","Absent",0.00231511315369401,0,7e-05
"50_10_40.fcs2","Ppolymyxa",3,5,"Present","Present",0.54355414805294,0.54355414805294,0.5
"53,3_4_42,7.fcs3","Ppolymyxa",3,5,"Present","Present",0.612485623739162,0.612485623739162,0.533
"77_4_19.fcs2","Ppolymyxa",3,5,"Present","Present",0.757238327935181,0.757238327935181,0.77
"80_2_18.fcs2","Ppolymyxa",3,5,"Present","Present",0.782440731431611,0.782440731431611,0.8
"80_6_14.fcs3","Ppolymyxa",3,5,"Present","Present",0.737618339784896,0.737618339784896,0.8
"0_0_100.fcs3","Srhizophila",1,1,"Absent","Absent",2.99959580058165e-06,0,0
"99,99_0,007_0,003.fcs3","Srhizophila",1,1,"Absent","Absent",0.000897822287318298,0,7e-05
"80_1_19.fcs3","Srhizophila",1,1,"Present","Absent",0.00704636207367893,0.00704636207367893,0.01
"77_4_19.fcs3","Srhizophila",1,1,"Present","Present",0.0252496282239058,0.0252496282239058,0.04
"80_8_12.fcs3","Srhizophila",1,1,"Present","Present",0.0527808425608213,0.0527808425608213,0.08
"90_10_0.fcs3","Srhizophila",1,1,"Present","Present",0.0625207816045857,0.0625207816045857,0.1
"0,003_99,99_0,007.fcs3","Srhizophila",1,1,"Present","Present",0.999888155867812,0.999888155867812,0.9999
"100_0_0.fcs3","Srhizophila",1,2,"Absent","Absent",0.00715188826864157,0,0
"50_1_49.fcs3","Srhizophila",1,2,"Absent","Absent",0.000415398735114602,0,0.01
"90_1_9.fcs3","Srhizophila",1,2,"Present","Absent",0.0224365121593525,0.0224365121593525,0.01
"80_4_16.fcs2","Srhizophila",1,2,"Present","Present",0.0795314273852802,0.0795314273852802,0.04
"50_10_40.fcs3","Srhizophila",1,2,"Present","Present",0.0846226800002236,0.0846226800002236,0.1
"80_19_1.fcs3","Srhizophila",1,2,"Present","Present",0.342968123132034,0.342968123132034,0.19
"0_100_0.fcs3","Srhizophila",1,2,"Present","Present",0.998820230969497,0.998820230969497,1
"50_0_50.fcs3","Srhizophila",1,3,"Absent","Absent",7.86581366265601e-09,0,0
"60_1_39.fcs3","Srhizophila",1,3,"Absent","Absent",0.0119644464435567,0,0.01
"79_2_19.fcs3","Srhizophila",1,3,"Present","Present",0.0134275673355606,0.0134275673355606,0.02
"75_6_19.fcs3","Srhizophila",1,3,"Present","Present",0.0865743584381354,0.0865743584381354,0.06
"60_10_30.fcs3","Srhizophila",1,3,"Present","Present",0.128388379413315,0.128388379413315,0.1
"33_33_33.fcs4","Srhizophila",1,3,"Present","Present",0.395972209327266,0.395972209327266,0.33
"0,007_0,003_99,99.fcs5","Srhizophila",1,4,"Absent","Absent",4.27844210681038e-05,0,3e-05
"70_1_29.fcs3","Srhizophila",1,4,"Absent","Absent",0.00951703744863644,0,0.01
"80_2_18.fcs3","Srhizophila",1,4,"Present","Present",0.0427401647703083,0.0427401647703083,0.02
"80_6_14.fcs4","Srhizophila",1,4,"Present","Present",0.0967319489856571,0.0967319489856571,0.06
"70_10_20.fcs2","Srhizophila",1,4,"Present","Present",0.112402450455082,0.112402450455082,0.1
"0_50_50.fcs3","Srhizophila",1,4,"Present","Present",0.590753690920281,0.590753690920281,0.5
"99,99_0,007_0,003.fcs4","Srhizophila",1,5,"Absent","Absent",1.62363501781693e-06,0,7e-05
"75_1_24.fcs3","Srhizophila",1,5,"Present","Absent",0.0210539791927321,0.0210539791927321,0.01
"53,3_4_42,7.fcs4","Srhizophila",1,5,"Present","Present",0.0616315751356802,0.0616315751356802,0.04
"73_8_19.fcs4","Srhizophila",1,5,"Present","Present",0.0993212546825932,0.0993212546825932,0.08
"80_10_10.fcs3","Srhizophila",1,5,"Present","Present",0.117717338027636,0.117717338027636,0.1
"50_50_0.fcs2","Srhizophila",1,5,"Present","Present",0.467465804779167,0.467465804779167,0.5
"0_0_100.fcs4","Srhizophila",2,1,"Absent","Absent",1.38372132451283e-05,0,0
"50_1_49.fcs4","Srhizophila",2,1,"Absent","Absent",0.00216500706381685,0,0.01
"80_1_19.fcs4","Srhizophila",2,1,"Present","Absent",0.0109296309553311,0.0109296309553311,0.01
"80_4_16.fcs3","Srhizophila",2,1,"Present","Present",0.0189401368082022,0.0189401368082022,0.04
"80_8_12.fcs4","Srhizophila",2,1,"Present","Present",0.0564872006678095,0.0564872006678095,0.08
"90_10_0.fcs4","Srhizophila",2,1,"Present","Present",0.141945632247371,0.141945632247371,0.1
"0,003_99,99_0,007.fcs4","Srhizophila",2,1,"Present","Present",0.999992888759688,0.999992888759688,0.9999
"100_0_0.fcs4","Srhizophila",2,2,"Absent","Absent",0.000109061903687498,0,0
"60_1_39.fcs4","Srhizophila",2,2,"Present","Absent",0.0565007906777992,0.0565007906777992,0.01
"90_1_9.fcs4","Srhizophila",2,2,"Present","Absent",0.0631307397452155,0.0631307397452155,0.01
"75_6_19.fcs4","Srhizophila",2,2,"Present","Present",0.127470404679406,0.127470404679406,0.06
"50_10_40.fcs4","Srhizophila",2,2,"Present","Present",0.0851313903903449,0.0851313903903449,0.1
"80_19_1.fcs4","Srhizophila",2,2,"Present","Present",0.39247864144208,0.39247864144208,0.19
"0_100_0.fcs4","Srhizophila",2,2,"Present","Present",0.997688322601934,0.997688322601934,1
"50_0_50.fcs4","Srhizophila",2,3,"Absent","Absent",3.06751936622927e-18,0,0
"70_1_29.fcs4","Srhizophila",2,3,"Absent","Absent",0.0113740384132313,0,0.01
"79_2_19.fcs4","Srhizophila",2,3,"Present","Present",0.0118784192257126,0.0118784192257126,0.02
"80_6_14.fcs5","Srhizophila",2,3,"Present","Present",0.0751629960000744,0.0751629960000744,0.06
"60_10_30.fcs4","Srhizophila",2,3,"Present","Present",0.12593585113256,0.12593585113256,0.1
"33_33_33.fcs5","Srhizophila",2,3,"Present","Present",0.283447476029089,0.283447476029089,0.33
"0,007_0,003_99,99.fcs6","Srhizophila",2,4,"Absent","Absent",4.74081649662864e-06,0,3e-05
"75_1_24.fcs4","Srhizophila",2,4,"Present","Absent",0.00891288748581024,0.00891288748581024,0.01
"80_2_18.fcs4","Srhizophila",2,4,"Present","Present",0.0437438011261759,0.0437438011261759,0.02
"73_8_19.fcs5","Srhizophila",2,4,"Present","Present",0.138707930289111,0.138707930289111,0.08
"70_10_20.fcs3","Srhizophila",2,4,"Present","Present",0.116632796105243,0.116632796105243,0.1
"0_50_50.fcs4","Srhizophila",2,4,"Present","Present",0.21614234624131,0.21614234624131,0.5
"99,99_0,007_0,003.fcs5","Srhizophila",2,5,"Absent","Absent",2.02865741770207e-05,0,7e-05
"50_1_49.fcs5","Srhizophila",2,5,"Absent","Absent",0.0635113478024447,0,0.01
"53,3_4_42,7.fcs5","Srhizophila",2,5,"Present","Present",0.0672370449426144,0.0672370449426144,0.04
"80_4_16.fcs4","Srhizophila",2,5,"Present","Present",0.0297357908598143,0.0297357908598143,0.04
"80_10_10.fcs4","Srhizophila",2,5,"Present","Present",0.0970059876030037,0.0970059876030037,0.1
"50_50_0.fcs3","Srhizophila",2,5,"Present","Present",0.530962662681112,0.530962662681112,0.5
"0_0_100.fcs5","Srhizophila",3,1,"Absent","Absent",1.32526047263819e-05,0,0
"99,99_0,007_0,003.fcs6","Srhizophila",3,1,"Absent","Absent",0.0114218300909456,0,7e-05
"90_1_9.fcs5","Srhizophila",3,1,"Present","Absent",0.0361543326677486,0.0361543326677486,0.01
"77_4_19.fcs4","Srhizophila",3,1,"Present","Present",0.0660209816051411,0.0660209816051411,0.04
"80_8_12.fcs5","Srhizophila",3,1,"Present","Present",0.0995241826705333,0.0995241826705333,0.08
"80_19_1.fcs5","Srhizophila",3,1,"Present","Present",0.317657769794852,0.317657769794852,0.19
"0,003_99,99_0,007.fcs5","Srhizophila",3,1,"Present","Present",0.999998258731406,0.999998258731406,0.9999
"100_0_0.fcs5","Srhizophila",3,2,"Absent","Absent",0.0118977731152903,0,0
"50_1_49.fcs6","Srhizophila",3,2,"Absent","Absent",0.00343489251889177,0,0.01
"79_2_19.fcs5","Srhizophila",3,2,"Present","Present",0.0395189435583492,0.0395189435583492,0.02
"80_4_16.fcs5","Srhizophila",3,2,"Present","Present",0.0808180914251698,0.0808180914251698,0.04
"50_10_40.fcs5","Srhizophila",3,2,"Present","Present",0.0732238386925928,0.0732238386925928,0.1
"33_33_33.fcs6","Srhizophila",3,2,"Present","Present",0.229131757554248,0.229131757554248,0.33
"0_100_0.fcs5","Srhizophila",3,2,"Present","Present",0.999571732425526,0.999571732425526,1
"50_0_50.fcs5","Srhizophila",3,3,"Absent","Absent",0.0134751072135706,0,0
"60_1_39.fcs5","Srhizophila",3,3,"Absent","Absent",0.0385052435094258,0,0.01
"80_2_18.fcs5","Srhizophila",3,3,"Present","Present",0.0800228772895994,0.0800228772895994,0.02
"75_6_19.fcs5","Srhizophila",3,3,"Present","Present",0.202611639819097,0.202611639819097,0.06
"60_10_30.fcs5","Srhizophila",3,3,"Present","Present",0.120453975592473,0.120453975592473,0.1
"0_50_50.fcs5","Srhizophila",3,3,"Present","Present",0.146753829924102,0.146753829924102,0.5
"0,007_0,003_99,99.fcs7","Srhizophila",3,4,"Absent","Absent",0.000162963809382373,0,3e-05
"70_1_29.fcs5","Srhizophila",3,4,"Absent","Absent",0.321982524524638,0,0.01
"53,3_4_42,7.fcs6","Srhizophila",3,4,"Present","Present",0.0898722646253413,0.0898722646253413,0.04
"80_6_14.fcs6","Srhizophila",3,4,"Present","Present",0.0613002324521878,0.0613002324521878,0.06
"70_10_20.fcs4","Srhizophila",3,4,"Present","Present",0.105251377718393,0.105251377718393,0.1
"50_50_0.fcs4","Srhizophila",3,4,"Present","Present",0.701731387060572,0.701731387060572,0.5
"99,99_0,007_0,003.fcs7","Srhizophila",3,5,"Absent","Absent",0.00361144741381283,0,7e-05
"75_1_24.fcs5","Srhizophila",3,5,"Present","Absent",0.0204637636615653,0.0204637636615653,0.01
"90_1_9.fcs6","Srhizophila",3,5,"Present","Absent",0.0127272505173711,0.0127272505173711,0.01
"73_8_19.fcs6","Srhizophila",3,5,"Present","Present",0.09162131404263,0.09162131404263,0.08
"80_10_10.fcs5","Srhizophila",3,5,"Present","Present",0.0716589026024152,0.0716589026024152,0.1
"80_19_1.fcs6","Srhizophila",3,5,"Present","Present",0.347398834381579,0.347398834381579,0.19
"0_100_0.fcs6","Krhizophila",1,1,"Absent","Absent",0.00214937387894952,0,0
"99,99_0,007_0,003.fcs8","Krhizophila",1,1,"Absent","Absent",0.00214855357192188,0,3e-05
"80_8_12.fcs6","Krhizophila",1,1,"Present","Present",0.0874161950924742,0.0874161950924742,0.12
"75_6_19.fcs6","Krhizophila",1,1,"Present","Present",0.267422385917155,0.267422385917155,0.19
"75_1_24.fcs6","Krhizophila",1,1,"Present","Present",0.295614582256365,0.295614582256365,0.24
"50_10_40.fcs6","Krhizophila",1,1,"Present","Present",0.224215617269555,0.224215617269555,0.4
"0,007_0,003_99,99.fcs8","Krhizophila",1,1,"Present","Present",0.999104269965902,0.999104269965902,0.9999
"100_0_0.fcs6","Krhizophila",1,2,"Absent","Absent",0.0128309625251356,0,0
"0,003_99,99_0,007.fcs6","Krhizophila",1,2,"Absent","Absent",4.46534025469392e-07,0,7e-05
"80_6_14.fcs7","Krhizophila",1,2,"Present","Present",0.198638593974366,0.198638593974366,0.14
"77_4_19.fcs5","Krhizophila",1,2,"Present","Present",0.182258474494797,0.182258474494797,0.19
"70_1_29.fcs6","Krhizophila",1,2,"Present","Present",0.292986754805129,0.292986754805129,0.29
"53,3_4_42,7.fcs7","Krhizophila",1,2,"Present","Present",0.332891273629433,0.332891273629433,0.427
"0_0_100.fcs6","Krhizophila",1,2,"Present","Present",0.999864788067724,0.999864788067724,1
"50_50_0.fcs5","Krhizophila",1,3,"Absent","Absent",0.00209104678256376,0,0
"80_19_1.fcs7","Krhizophila",1,3,"Present","Absent",0.0357129177974686,0.0357129177974686,0.01
"80_4_16.fcs6","Krhizophila",1,3,"Present","Present",0.170247846133418,0.170247846133418,0.16
"79_2_19.fcs6","Krhizophila",1,3,"Present","Present",0.24744100438824,0.24744100438824,0.19
"60_10_30.fcs6","Krhizophila",1,3,"Present","Present",0.265377700565622,0.265377700565622,0.3
"50_1_49.fcs7","Krhizophila",1,3,"Present","Present",0.821772919884575,0.821772919884575,0.49
"90_10_0.fcs5","Krhizophila",1,4,"Present","Absent",2.29653414477199e-06,2.29653414477199e-06,0
"90_1_9.fcs7","Krhizophila",1,4,"Present","Present",0.182671710298948,0.182671710298948,0.09
"80_2_18.fcs6","Krhizophila",1,4,"Present","Present",0.212920368190202,0.212920368190202,0.18
"80_1_19.fcs5","Krhizophila",1,4,"Present","Present",0.256770163317081,0.256770163317081,0.19
"33_33_33.fcs7","Krhizophila",1,4,"Present","Present",0.249246108157982,0.249246108157982,0.33
"0_50_50.fcs6","Krhizophila",1,4,"Present","Present",0.286111518116053,0.286111518116053,0.5
"99,99_0,007_0,003.fcs9","Krhizophila",1,5,"Absent","Absent",0.0164516936164292,0,3e-05
"80_10_10.fcs6","Krhizophila",1,5,"Present","Present",0.184607661632083,0.184607661632083,0.1
"73_8_19.fcs7","Krhizophila",1,5,"Present","Present",0.229159136325516,0.229159136325516,0.19
"70_10_20.fcs5","Krhizophila",1,5,"Present","Present",0.231521284481949,0.231521284481949,0.2
"60_1_39.fcs6","Krhizophila",1,5,"Present","Present",0.392450958226621,0.392450958226621,0.39
"50_0_50.fcs6","Krhizophila",1,5,"Present","Present",0.498626182912405,0.498626182912405,0.5
"0_100_0.fcs7","Krhizophila",2,1,"Present","Absent",0.000366478249222551,0.000366478249222551,0
"0,003_99,99_0,007.fcs7","Krhizophila",2,1,"Present","Absent",0.000366478249222551,0.000366478249222551,7e-05
"80_8_12.fcs7","Krhizophila",2,1,"Present","Present",0.048767077379646,0.048767077379646,0.12
"77_4_19.fcs6","Krhizophila",2,1,"Present","Present",0.167591410592107,0.167591410592107,0.19
"75_1_24.fcs7","Krhizophila",2,1,"Present","Present",0.206902117002828,0.206902117002828,0.24
"50_10_40.fcs7","Krhizophila",2,1,"Present","Present",0.165159073787014,0.165159073787014,0.4
"0,007_0,003_99,99.fcs9","Krhizophila",2,1,"Present","Present",0.997154736687201,0.997154736687201,0.9999
"100_0_0.fcs7","Krhizophila",2,2,"Absent","Absent",0.0489393844870435,0,0
"80_19_1.fcs8","Krhizophila",2,2,"Present","Absent",0.00794077937152102,0.00794077937152102,0.01
"80_6_14.fcs8","Krhizophila",2,2,"Present","Present",0.222611824017432,0.222611824017432,0.14
"79_2_19.fcs7","Krhizophila",2,2,"Present","Present",0.230195298768898,0.230195298768898,0.19
"70_1_29.fcs7","Krhizophila",2,2,"Present","Present",0.355408324098607,0.355408324098607,0.29
"53,3_4_42,7.fcs8","Krhizophila",2,2,"Present","Present",0.269160171658964,0.269160171658964,0.427
"0_0_100.fcs7","Krhizophila",2,2,"Present","Present",0.995591331301296,0.995591331301296,1
"50_50_0.fcs6","Krhizophila",2,3,"Absent","Absent",0.00851613259143454,0,0
"90_1_9.fcs8","Krhizophila",2,3,"Present","Present",0.130489562222416,0.130489562222416,0.09
"80_4_16.fcs7","Krhizophila",2,3,"Present","Present",0.207091111051202,0.207091111051202,0.16
"80_1_19.fcs6","Krhizophila",2,3,"Present","Present",0.277062656746075,0.277062656746075,0.19
"60_10_30.fcs7","Krhizophila",2,3,"Present","Present",0.246369801260996,0.246369801260996,0.3
"50_1_49.fcs8","Krhizophila",2,3,"Present","Present",0.714795140570026,0.714795140570026,0.49
"90_10_0.fcs6","Krhizophila",2,4,"Present","Absent",4.74828235019889e-05,4.74828235019889e-05,0
"80_10_10.fcs7","Krhizophila",2,4,"Present","Present",0.095627929969242,0.095627929969242,0.1
"80_2_18.fcs7","Krhizophila",2,4,"Present","Present",0.166085638326609,0.166085638326609,0.18
"70_10_20.fcs6","Krhizophila",2,4,"Present","Present",0.203485155240522,0.203485155240522,0.2
"33_33_33.fcs8","Krhizophila",2,4,"Present","Present",0.262567105055604,0.262567105055604,0.33
"0_50_50.fcs7","Krhizophila",2,4,"Present","Present",0.46981814553316,0.46981814553316,0.5
"99,99_0,007_0,003.fcs10","Krhizophila",2,5,"Absent","Absent",0.00183224727115308,0,3e-05
"0,003_99,99_0,007.fcs8","Krhizophila",2,5,"Absent","Absent",0.00311260715397619,0,7e-05
"73_8_19.fcs8","Krhizophila",2,5,"Present","Present",0.215912626149731,0.215912626149731,0.19
"77_4_19.fcs7","Krhizophila",2,5,"Present","Present",0.194281505992948,0.194281505992948,0.19
"60_1_39.fcs7","Krhizophila",2,5,"Present","Present",0.449080658780287,0.449080658780287,0.39
"50_0_50.fcs7","Krhizophila",2,5,"Present","Present",0.810183639111765,0.810183639111765,0.5
"0_100_0.fcs8","Krhizophila",3,1,"Absent","Absent",3.20187533988122e-05,0,0
"99,99_0,007_0,003.fcs11","Krhizophila",3,1,"Absent","Absent",0.0296325901243994,0,3e-05
"80_6_14.fcs9","Krhizophila",3,1,"Present","Present",0.163105172771219,0.163105172771219,0.14
"75_6_19.fcs7","Krhizophila",3,1,"Present","Present",0.146918909466214,0.146918909466214,0.19
"75_1_24.fcs8","Krhizophila",3,1,"Present","Present",0.213698320964813,0.213698320964813,0.24
"53,3_4_42,7.fcs9","Krhizophila",3,1,"Present","Present",0.216648883421206,0.216648883421206,0.427
"0,007_0,003_99,99.fcs10","Krhizophila",3,1,"Present","Present",0.999982647801007,0.999982647801007,0.9999
"100_0_0.fcs8","Krhizophila",3,2,"Absent","Absent",0.00770084877468644,0,0
"0,003_99,99_0,007.fcs9","Krhizophila",3,2,"Absent","Absent",3.40809828948081e-05,0,7e-05
"80_4_16.fcs8","Krhizophila",3,2,"Present","Present",0.184333711058633,0.184333711058633,0.16
"77_4_19.fcs8","Krhizophila",3,2,"Present","Present",0.227209944670693,0.227209944670693,0.19
"70_1_29.fcs8","Krhizophila",3,2,"Present","Present",0.237721350705425,0.237721350705425,0.29
"50_1_49.fcs9","Krhizophila",3,2,"Present","Present",0.318476531952751,0.318476531952751,0.49
"0_0_100.fcs8","Krhizophila",3,2,"Present","Present",0.999198830866019,0.999198830866019,1
"50_50_0.fcs7","Krhizophila",3,3,"Absent","Absent",0.00117140870972434,0,0
"80_19_1.fcs9","Krhizophila",3,3,"Present","Absent",0.0187389714149811,0.0187389714149811,0.01
"80_2_18.fcs8","Krhizophila",3,3,"Present","Present",0.176181629681213,0.176181629681213,0.18
"79_2_19.fcs8","Krhizophila",3,3,"Present","Present",0.259677820788339,0.259677820788339,0.19
"60_10_30.fcs8","Krhizophila",3,3,"Present","Present",0.269535193825385,0.269535193825385,0.3
"0_50_50.fcs8","Krhizophila",3,3,"Present","Present",0.374542290702986,0.374542290702986,0.5
"90_10_0.fcs7","Krhizophila",3,4,"Present","Absent",3.36688113124797e-06,3.36688113124797e-06,0
"90_1_9.fcs9","Krhizophila",3,4,"Present","Present",0.159869682482574,0.159869682482574,0.09
"73_8_19.fcs9","Krhizophila",3,4,"Present","Present",0.218996657995201,0.218996657995201,0.19
"80_1_19.fcs7","Krhizophila",3,4,"Present","Present",0.285650466270407,0.285650466270407,0.19
"33_33_33.fcs9","Krhizophila",3,4,"Present","Present",0.339958838592797,0.339958838592797,0.33
"50_0_50.fcs8","Krhizophila",3,4,"Present","Present",0.230954222874173,0.230954222874173,0.5
"99,99_0,007_0,003.fcs12","Krhizophila",3,5,"Absent","Absent",0.018750947646269,0,3e-05
"80_10_10.fcs8","Krhizophila",3,5,"Present","Present",0.123266273556988,0.123266273556988,0.1
"80_6_14.fcs10","Krhizophila",3,5,"Present","Present",0.193744682909957,0.193744682909957,0.14
"70_10_20.fcs7","Krhizophila",3,5,"Present","Present",0.267015208409339,0.267015208409339,0.2
"60_1_39.fcs8","Krhizophila",3,5,"Present","Present",0.345991234712216,0.345991234712216,0.39
"53,3_4_42,7.fcs10","Krhizophila",3,5,"Present","Present",0.329462635524914,0.329462635524914,0.427
